id,cite,year,title,primary,families,doi,source,tier,hold,journal
Hut94,Hutchinson and Torres (1994),1994,The textbook as agent of change,F1,F1,10.1093/elt/48.4.315,undermind-220,core,False,ELT Journal
Emirbayer98,Emirbayer and Mische (1998),1998,What is agency?,F2,F2,10.1086/231294,foundational,core,False,American Journal of Sociology
Bernstein00,Bernstein (2000),2000,"Pedagogy, symbolic control and identity: Theory, research, critique (Rev. ed.)",F1,F1,,foundational,core,False,Rowman & Littlefield
Gra00,Gray (2000),2000,The ELT coursebook as cultural artefact: how teachers censor and adapt,F1,F1,10.1093/elt/54.3.274,undermind-220,core,False,ELT Journal
Bandura01,Bandura (2001),2001,Social cognitive theory: An agentic perspective,F2,F2,10.1146/annurev.psych.52.1.1,foundational,core,False,Annual Review of Psychology
Las05,Lasky (2005),2005,"A sociocultural approach to understanding teacher identity, agency and professional vulnerability in a context of secondary school reform",F2,F2;F6,10.1016/j.tate.2005.06.003,undermind-220,core,True,Teaching and Teacher Education
Bie06,iesta and edder (2006),2006,"How is agency possible? Towards an ecological understanding of agency-as-achievement,",F2,F2,,undermind-220,core,True,Working paper / conceptual source
Bie07,Biesta and Tedder (2007),2007,Agency and learning in the lifecourse: Towards an ecological perspective,F2,F2,10.1080/02660830.2007.11661545,undermind-220,core,False,Studies in the Education of Adults
Lee07,Lee and Bathmaker (2007),2007,The Use of English Textbooks for Teaching English to 'Vocational' Students in Singapore Secondary Schools,F1,F1,10.1177/0033688207085852,undermind-220,archive,True,RELC Journal
Lea08b,Leander and Osborne (2008),2008,Complex positioning: teachers as agents of curricular and pedagogical reform,F2,F2,10.1080/00220270601089199,undermind-220,archive,True,Journal of Curriculum Studies
Mus08,Mustafa and Cullingford (2008),2008,Teacher autonomy and centralised control: The case of textbooks,F1,F1,10.1016/j.ijedudev.2007.07.003,undermind-220,core,True,International Journal of Educational Development
Dua08,uarte and scobar (2008),2008,"Using Adapted Material and its Impact on University Students’ Motivation*,",F1,F1,,undermind-220,core,True,Profile Issues in Teachers’ Professional Development
Can09,anh and arnard (2009),2009,"Curricular innovation behind closed classroom doors : a Vietnamese case study,",F4,F4,,undermind-220,archive,True,
Sam09,Sampson (2009),2009,Teaching materials and the autonomous language teacher : a study of tertiary English teachers in Hong Kong,F1,F1,10.5353/th_b4308547,undermind-220,core,True,
Sib09,Sibanda (2009),2009,Exploring university student teachers’ beliefs and practices on textbooks in the E.S.L. Classroom,F1,F1,10.4314/njgc.v14i1.47655,undermind-220,archive,False,Nigerian Journal of Guidance and Counselling
Zha10d,hang and u (2010),2010,"Between Intended and Enacted Curricula: Three Teachers and a Mandated Curricular Reform in Mainland China,",F1,,10.4324/9780203855874-14,undermind-220,core,True,
Mil10,Miller et al. (2010),2010,Levels and equivalence in credit and qualifications frameworks: contrasting the prescribed and enacted curriculum in school and college,F4,F4,10.1080/02671520902928507,undermind-220,archive,False,Research Papers in Education
Sha10b,Shawer (2010),2010,"Classroom-level curriculum development: EFL teachers as curriculum-developers, curriculum-makers and curriculum-transmitters",F1,,10.1016/j.tate.2009.03.015,undermind-220,core,True,Teaching and Teacher Education
Wet11c,ette (2011),2011,"Meeting Curriculum, Learning and Settlement Needs: Teachers’ Use of Materials in Courses for Adult Migrants.",F1,F1,,undermind-220,core,True,TESOL in Context
Ket12,Ketelaar et al. (2012),2012,"Teachers’ positioning towards an educational innovation in the light of ownership, sense-making and agency",F2,F2,10.1016/j.tate.2011.10.004,undermind-220,core,True,Teaching and Teacher Education
Pri12,Priestley et al. (2012),2012,Teacher Agency in Curriculum Making: Agents of Change and Spaces for Manoeuvre,F2,F2;F4,10.1111/j.1467-873x.2012.00588.x,undermind-220,core,False,Curriculum Inquiry
Fen13b,eng-jua (2013),2013,"Beliefs of Instructional Materials for English Writing:A Multi-case Study of Six College English Teachers,",F1,F1,,undermind-220,core,True,Shandong Foreign Language Teaching Journal
Gue13,Guerrettaz and Johnston (2013),2013,Materials in the classroom ecology,F1,F1,10.1111/j.1540-4781.2013.12027.x,undermind-220,core,False,The Modern Language Journal
Qia13,iang (2013),2013,"High-School English Teachers’ Conception and Practice of the New Curriculum Textbook,",F1,F1,,undermind-220,core,True,"Curriculum, Teaching Material and Method"
Pri13,Priestley et al. (2013),2013,Teachers as Agents of Change: Teacher Agency and Emerging Models of Curriculum,F2,F2,10.5040/9781472553195.ch-010,undermind-220,core,True,Reinventing the Curriculum
Tay13,Taylor (2013),2013,Replacing the ‘teacher-proof’ curriculum with the ‘curriculum-proof’ teacher: Toward more effective interactions with mathematics textbooks,F1,F1,10.1080/00220272.2012.710253,undermind-220,archive,True,Journal of Curriculum Studies
Gan14,ang (2014),2014,"The Construction of Multi-Dimensional Teaching Environment: A Qualitative Study on the Redesign of All-Encompassing Teaching Materials 1,",F1,F1,,undermind-220,archive,True,
Bos14,Bosompem (2014),2014,Materials Adaptation in Ghana: Teachers’ Attitudes and Practices,F1,F1,10.1057/9781137023315_7,undermind-220,archive,True,International Perspectives on Materials in ELT
For14,Forman (2014),2014,How local teachers respond to the culture and language of a global English as a Foreign Language textbook,F1,F1,10.1080/07908318.2013.868473,undermind-220,core,True,"Language, Culture and Curriculum"
Gra14b,Grammatosi and Harwood (2014),2014,An Experienced Teacher’s Use of the Textbook on an Academic English Course: A Case Study,F1,F1,10.1057/9781137276285_6,undermind-220,archive,True,English Language Teaching Textbooks
Men14,Menkabu and Harwood (2014),2014,Teachers’ Conceptualization and Use of the Textbook on a Medical English Course,F1,F1,10.1057/9781137276285_5,undermind-220,archive,True,English Language Teaching Textbooks
Lee14b,min Lee (2014),2014,"Adapting textbooks for the primary classroom : tensions between theory and practice,",F1,F1,,undermind-220,archive,True,
Sha14b,Shayeekh-Us-Saleheen (2014),2014,"Teachers’ Awareness, Opportunities and Challenges of Adapting EFL Materials in Bangladeshi Universities",F7,F1;F7,10.59817/cjes.v4i.339,undermind-220,archive,False,Crossings: A Journal of English Studies
Wal15,altermann and orel (2015),2015,"WHY AND HOW TO INCLUDE TEXTBOOK ANALYSIS IN LANGUAGE TEACHER EDUCATION PROGRAMS,",F1,F1,,undermind-220,archive,True,
Bao15b,Bao and Du (2015),2015,Learners’ L1 Use in a Task-based Classroom: Learning Chinese as a Foreign Language from a Sociocultural Perspective,F3,F3,10.17507/jltr.0601.02,undermind-220,archive,False,Journal of Language Teaching and Research
Bie15b,Biesta et al. (2015),2015,The role of beliefs in teacher agency,F2,F2;F4,10.1080/13540602.2015.1044325,undermind-220,core,False,Teachers and Teaching
Bie15,iesta and riestley (2015),2015,Teacher Agency : An Ecological Approach,F2,F2,10.5040/9781474219426,undermind-220,core,True,
Mig16,iguel and iguel (2015),2015,"Working with Traditionally-conceived Corpora and Beyond ( CILC 2015 ) Textbook consumption in the classroom : Analyzing a classroom corpus,",F1,F1,,undermind-220,archive,True,
Pri15c,Priestley et al. (2015),2015,Teacher Agency,F2,F2;F4,10.4324/9781315678573-15,undermind-220,core,False,Flip the System
Cua15,Rivera Cuayahuitl and Pérez Carranza (2015),2015,Influence of Contextual Factors on EFL Mexican Teachers’ Beliefs and the Use of Textbooks,F1,F1,10.19183/how.22.2.152,undermind-220,core,False,HOW
Yu15,Yu (2015),2015,A Study of University Teachers’ Enactment of Curriculum Reform in China,F5,F1;F4;F5,10.5539/ies.v8n11p113,undermind-220,core,False,International Education Studies
Kul15,ülekçi (2015),2015,"‘Authenticity’ in English language teaching and learning : a case study of four high school classrooms in Turkey,",F1,F1,,undermind-220,archive,True,
Li17c,Li and Harfitt (2016),2016,An examination of language teachers’ enactment of curriculum materials in the context of a centralised curriculum,F1,F1,10.1080/14681366.2016.1270987,undermind-220,core,True,"Pedagogy, Culture & Society"
Mac16,Macalister (2016),2016,Adapting and Adopting Materials,F1,F1,10.1007/978-94-6300-432-9_5,undermind-220,archive,True,Issues in Materials Development
Pri16,Priestley et al. (2016),2016,The Teacher and the Curriculum: Exploring Teacher Agency,F2,F1;F2,10.4135/9781473921405.n12,undermind-220,core,False,"The SAGE Handbook of Curriculum, Pedagogy and Assessment: Two Volume Set"
Han17,Hanifa (2017),2017,Investigating English Teachers’ Understanding of Materials Adaptation in Curriculum 2013,F1,F1,10.5220/0007166703190324,undermind-220,core,False,"The Tenth Conference on Applied Linguistics and The Second English Language Teaching and Technology Conference in collaboration with The First International Conference on Language, Literature, Culture, and Education"
Li17b,Li and Harfitt (2017),2017,Understanding language teachers’ enactment of content through the use of centralized curriculum materials,F1,F1,10.1080/1359866x.2017.1351918,undermind-220,core,True,Asia-Pacific Journal of Teacher Education
Pap19,Pappa et al. (2017),2017,Teacher agency within the Finnish CLIL context: tensions and resources,F2,F1;F2,10.1080/13670050.2017.1286292,undermind-220,archive,False,International Journal of Bilingual Education and Bilingualism
Sha17c,Shawer (2017),2017,"Teacher-driven curriculum development at the classroom level: Implications for curriculum, pedagogy and teacher training",F1,,10.1016/j.tate.2016.12.017,undermind-220,core,True,Teaching and Teacher Education
Tro19,Troyer (2017),2017,Teachers’ adaptations to and orientations towards an adolescent literacy curriculum,F1,,10.1080/00220272.2017.1407458,undermind-220,archive,True,Journal of Curriculum Studies
Sim17,Şimşek (2017),2017,"Confronting Culture In Local And Global English Coursebooks: Student Teachers’ Preferences In Materials Adaptation,",F5,F1;F5,,undermind-220,archive,True,
Sim17b,ŞİMŞEK (2017),2017,YEREL VE KÜRESEL İNGİLİZCE DERS KİTAPLARINDA KÜLTÜRLE KARŞILAŞMA: ÖĞRETMEN ADAYLARININ MALZEME UYARLAMADAKİ SEÇİMLERİ,F1,F1,10.17244/eku.310224,undermind-220,archive,False,Eğitimde Kuram ve Uygulama
Alv18,Alvunger (2018),2018,Teachers’ curriculum agency in teaching a standards‐based curriculum,F2,F1;F2,10.1080/09585176.2018.1486721,undermind-220,archive,False,The Curriculum Journal
Bou19,Bouckaert (2018),2018,"Current Perspectives on Teachers as Materials Developers: Why, What, and How?",F6,F1;F6,10.1177/0033688218810549,undermind-220,core,False,RELC Journal
Riz18,izaldy (2018),2018,"EFL MATERIALS ADAPTATION: A CASE OF AN EFL SENIOR HIGH SCHOOL TEACHER IN BANDA ACEH,",F1,F1,,undermind-220,archive,True,
Jak17,Jakonen (2018),2018,The environment of a bilingual classroom as an interactional resource,F1,,10.1016/j.linged.2017.09.005,undermind-220,archive,False,Linguistics and Education
Tom18b,Tomlinson (2018),2018,Emotional Dilemmas Faced by Teachers in ELT Materials Selection and Adaptation: Implications for Teacher Education,F1,F1,10.1007/978-3-319-75438-3_10,undermind-220,archive,True,Emotions in Second Language Teaching
Tra18c,Tran (2018),2018,Teacher agency in times of educational change: the case of transitioned teachers in Vietnam,F2,F2,10.1080/14664208.2018.1553912,undermind-220,archive,False,Current Issues in Language Planning
Guo18b,uo (2018),2018,"Fit for purpose? A new approach to evaluating the suitability of textbooks for the teaching of Chinese as a foreign language in the UK,",F8,F1;F8,,undermind-220,archive,True,
Wan18e,Wang and Curdt-Christiansen (2018),2018,Translanguaging in a Chinese–English bilingual education programme: a university-classroom ethnography,F3,F3,10.1080/13670050.2018.1526254,undermind-220,archive,False,International Journal of Bilingual Education and Bilingualism
Med19,ede and alçin (2019),2019,Utilizing Textbook Adaptation Strategies: Experiences and Challenges of Novice and Experienced EFL Instructors.,F1,F1,,undermind-220,core,True,
Les19,estari (2019),2019,"Teacher agency and localisation of English language teaching in Indonesia,",F2,F2;F5,,undermind-220,core,True,
Pha19,han (2019),2019,"English Textbook Use in Vietnamese Classrooms: A Sociocultural Perspective,",F1,F1,,undermind-220,core,True,
Har19b,Harper (2019),2019,"Supplementing Coursebooks--How, Why, and to What Effect: A Case Study",F1,F1,10.21462/jeltl.v4i2.283,undermind-220,core,False,Journal of English Language Teaching and Linguistics
Alk19,Hizli Alkan and Priestley (2019),2019,Teacher mediation of curriculum making: the role of reflexivity,F2,F2;F4,10.1080/00220272.2019.1637943,undermind-220,archive,False,Journal of Curriculum Studies
Lee20e,Lee (2019),2019,The dialectical unfolding of paradigmatic and narrative thinking in a Chinese-as-a-foreign-language classroom,F1,F1,10.1080/19463014.2019.1633550,undermind-220,core,False,Classroom Discourse
Lei20c,Leijen et al. (2019),2019,TEACHER AGENCY FOLLOWING THE ECOLOGICAL MODEL: HOW IT IS ACHIEVED AND HOW IT COULD BE STRENGTHENED BY DIFFERENT TYPES OF REFLECTION,F2,F2,10.1080/00071005.2019.1672855,undermind-220,core,False,British Journal of Educational Studies
Liu20d,Liu and Wang (2019),2019,Walking with bound feet: teachers’ lived experiences in China’s English curriculum change,F4,F4,10.1080/07908318.2019.1615077,undermind-220,core,False,"Language, Culture and Curriculum"
Mat19b,MATSUMOTO (2019),2019,Material Moments: Teacher and Student Use of Materials in Multilingual Writing Classroom Interactions,F3,F1;F3,10.1111/modl.12547,undermind-220,core,False,The Modern Language Journal
Yan19b,Yang (2019),2019,Understanding Chinese language teachers’ beliefs about themselves and their students in an English context,F8,F8,10.1016/j.system.2018.10.014,undermind-220,archive,False,System
Zhe19,Zheng (2019),2019,Translanguaging in a Chinese immersion classroom: an ecological examination of instructional discourses,F2,F2;F3,10.1080/13670050.2018.1561642,undermind-220,core,False,International Journal of Bilingual Education and Bilingualism
Bao20,ao (2020),2020,A Sociocultural Approach to Interactions among Beginning Learners of Chinese as A Foreign Language: Implications for Teachers of Chinese to Speakers of Other Languages,F1,,10.46451//ijclt.2020.09.02,undermind-220,archive,False,International Journal of Chinese Language Teaching
Bao20c,Bao et al. (2020),2020,Understanding the Professional Practice of Teachers of Chinese as an Additional Language through the Lens of Teacher Agency,F2,F1;F2;F3;F6;F8,10.3390/su12187493,undermind-220,core,False,Sustainability
Bi20,Bi (2020),2020,A Case Study of an Experienced University EFL Teacher’s Use of POA Teaching Materials,F1,F1,10.1515/cjal-2020-0024,undermind-220,core,False,Chinese Journal of Applied Linguistics
Tib20,ibebu (2020),2020,"EFL Teachers’ Perceptions and Their Practices of Textbook Adaptation in Three Selected Preparatory Schools of East Gojjam Zone,",F1,F1,,undermind-220,archive,True,
Le20,Le et al. (2020),2020,English primary teacher agency in implementing teaching methods in response to language policy reform: a Vietnamese case study,F2,F2,10.1080/14664208.2020.1741209,undermind-220,core,False,Current Issues in Language Planning
Li20g,Li (2020),2020,Disentangling teachers’ enactment of materials: a case study of two language teachers in higher education in China,F1,F1,10.1080/14681366.2020.1750050,undermind-220,core,False,"Pedagogy, Culture & Society"
Li20e,Li and Xu (2020),2020,Unpacking the Processes of Materials Use: An Interdisciplinary Perspective of Language Teachers’ Use of Materials in China,F6,F1;F6,10.1177/2158244020977875,undermind-220,core,False,Sage Open
Mai20,Maijala (2020),2020,Pre-service Language Teachers’ Reflections and Initial Experiences on the Use of Textbooks in Classroom Practice,F1,F1,10.17507/jltr.1102.03,undermind-220,archive,False,Journal of Language Teaching and Research
Man20c,Mansouri and Nall (2020),2020,Theorizing and analyzing language teacher agency,F2,F2,10.1080/17501229.2020.1858086,undermind-220,core,False,Innovation in Language Learning and Teaching
Pen20,Peña‐Pincheira and De Costa (2020),2020,Language teacher agency for educational justice–oriented work: An ecological model,F2,F2,10.1002/tesj.561,undermind-220,core,True,TESOL Journal
Pra20b,Pratiwi et al. (2020),2020,English Language Teachers’ Practices of Textbook Adaptation Techniques,F1,F1,10.2991/assehr.k.200819.006,undermind-220,archive,False,Proceedings of the Eighth International Conference on Languages and Arts (ICLA-2019)
Gra20b,rammatosi (2020),2020,"Teachers and coursebook use : the role of the coursebook and its implications for materials development and teacher training,",F1,F1,,undermind-220,core,True,Thesis / unknown source
Tol20,Toledo-Sandoval (2020),2020,Local culture and locally produced ELT textbooks: How do teachers bridge the gap?,F5,F1;F5,10.1016/j.system.2020.102362,undermind-220,core,False,System
Tsa20,Tsang (2020),2020,An exploratory study of Chinese-as-an-additional-language teachers’ agency in post-1997 Hong Kong: an ecological perspective,F2,F2;F8,10.1080/14664208.2020.1725331,undermind-220,core,False,Current Issues in Language Planning
Zha20,Zhang et al. (2020),2020,A translanguaging perspective on medium of instruction in the CFL classroom,F3,F3,10.1080/01434632.2020.1737089,undermind-220,archive,False,Journal of Multilingual and Multicultural Development
Zha20b,Zhao (2020),2020,Localising Chinese language curriculum construction: A case study in an Australian primary school,F3,F3;F5;F8,10.1515/glochi-2020-0014,undermind-220,core,False,Global Chinese
Zho20b,Zhou et al. (2020),2020,Translanguaging in L3 Spanish Classrooms: Practices and Attitudes,F3,F3,10.5209/clac.71996,undermind-220,archive,False,Círculo de Lingüística Aplicada a la Comunicación
Tea20,이태경 and a (2020),2020,"Teachers’ Perceptions and Practices of Textbook Reconstruction for Elementary English,",F1,F1,10.20972/10.20972/KJEE.31.3.202009.21,undermind-220,archive,True,Korean Journal of Elementary Education
Tav21,avakoli (2021),2021,"Contribution of English Textbooks to an EFL Curriculum and Teachers’ Professional Identity: The Case of Four EFL Teachers and a Private Language School in Iran,",F6,F1;F6,10.22108/ARE.2021.125221.1632,undermind-220,archive,True,
Gue21b,GUERRETTAZ (2021),2021,Materials‐in‐Action: Pedagogical Ergonomics of a French‐as‐a‐Foreign‐Language Classroom,F1,F1,10.1111/modl.12690,undermind-220,core,True,The Modern Language Journal
Gue21,GUERRETTAZ et al. (2021),2021,Empirically Defining Language Learning and Teaching Materials in Use Through Sociomaterial Perspectives,F1,F1,10.1111/modl.12691,undermind-220,core,True,The Modern Language Journal
Han21c,Han et al. (2021),2021,A case study of two South Korean middle school EFL teachers’ practices: instructional stances and use of classroom materials,F1,F1,10.1080/19463014.2020.1869572,undermind-220,core,True,Classroom Discourse
Har21,HARWOOD (2021),2021,Coda: An Expanding Research Agenda for the Use of Instructional Materials,F1,F1,10.1111/modl.12683,undermind-220,core,False,The Modern Language Journal
Has21,HASEGAWA (2021),2021,Sociomateriality of Semiscripted Pair‐Work Prompts in Beginner‐Level Japanese‐as‐a‐Foreign‐Language Classrooms,F1,F1,10.1111/modl.12689,undermind-220,core,True,The Modern Language Journal
Li21i,Li and Li (2021),2021,Making materials use in language classrooms visible: Evidence from two university English teachers in China,F1,F1,10.1080/2331186x.2020.1870802,undermind-220,core,False,Cogent Education
Li22b,Li and Liu (2021),2021,Translanguaging as a pedagogical practice in Chinese language and (inter)culture courses,F3,F3,10.1075/csl.20006.li,undermind-220,archive,False,"Chinese as a Second Language (漢語教學研究—美國中文教師學會學報). The journal of the Chinese Language Teachers Association, USA"
Li21h,Li and Xu (2021),2021,Sustaining the Effective Use of Materials in Language Classrooms: A Conceptual Understanding of Teacher Knowledge for Materials Use,F1,F1,10.3390/su13148115,undermind-220,core,False,Sustainability
Li21d,Li et al. (2021),2021,Language Teachers as Materials Developers,F6,F1;F6,10.1177/00336882211061627,undermind-220,core,False,RELC Journal
Nga21b,My Nga and Hung (2021),2021,EFL Teachers’ Evaluation and Adaptation of the Reading Lessons in the Piloted Tieng Anh 12,F1,F1,10.51386/25815946/ijsms-v4i4p130,undermind-220,core,False,International Journal of Science and Management Studies (IJSMS)
Rat21,Rathert and Cabaroğlu (2021),2021,Teachers as slaves or masters to their coursebooks: An in-depth study on two English language teachers’ coursebook utilization,F4,F1;F4,10.1177/13621688211036239,undermind-220,core,False,Language Teaching Research
Sae21,Saemee and Nomnian (2021),2021,Cultural Representations in ELT Textbooks Used in a Multicultural School,F5,F1;F5,10.61508/refl.v28i1.251027,undermind-220,archive,False,rEFLections
Kis21,Sunway University et al. (2021),2021,English Language Teacher Agency in Rural Sarawak: Exploiting Teaching Materials,F2,F1;F2;F5,10.52696/dcvu6828,undermind-220,core,False,The English Teacher
Tao21,Tao (2021),2021,Russian language teachers’ professional agency against the backdrop of theNew National Teaching Quality Standardsin China: an ecological perspective,F2,F2;F4,10.1080/14664208.2021.1988420,undermind-220,core,False,Current Issues in Language Planning
Tia21,Tian (2021),2021,Translanguaging design in a third grade Chinese Language Arts class,F3,F3,10.1515/applirev-2021-0024,undermind-220,archive,False,Applied Linguistics Review
Xu21d,Xu and Fan (2021),2021,Finding success with the implementation of task-based language teaching: the role of teacher agency,F2,F2,10.1080/07908318.2021.1906268,undermind-220,archive,False,"Language, Culture and Curriculum"
Yus21b,Yusra et al. (2021),2021,Teacher agency and the implementation of CEFR-like policies for English for tourism and hospitality: insights from local vocational high schools in Indonesia,F2,F2;F4,10.1080/14664208.2021.1965739,undermind-220,core,False,Current Issues in Language Planning
Aha22,Ahamat and Kabilan (2022),2022,Material Adaptation Among Rural Primary School English Language Teachers,F1,F1,10.17576/3l-2022-2801-07,undermind-220,core,False,3L The Southeast Asian Journal of English Language Studies
Ali22,Ali and David (2022),2022,"Challenges of teaching Chinese as a subject in an English-dominated region: Focus on Sindh, Pakistan",F7,F7,10.51611/iars.irj.v12i01.2022.182,pakistan-extra,core,False,IARS International Research Journal
Azeem22,Azeem et al. (2022),2022,Chinese language teaching in Pakistan problems and solutions,F7,F7,10.56220/uwjss2022/0501/04,pakistan-extra,core,False,University of Wah Journal of Social Sciences
CWang22,C. Wang (2022),2022,国际传播视角下的巴基斯坦汉语教学研究,F7,F7,,pakistan-extra,core,True,"Doctoral dissertation, Central China Normal University"
Gue22c,Guerrettaz et al. (2022),2022,Materials use in language classrooms: A research agenda,F2,F1;F2,10.1017/s0261444821000021,undermind-220,core,False,Language Teaching
Han22,Han (2022),2022,Translanguaging as a pedagogy: exploring the use of teachers’ and students’ bilingual repertoires in Chinese language education,F3,F3,10.1515/applirev-2022-0142,undermind-220,core,False,Applied Linguistics Review
Hsi22,Hsiang et al. (2022),2022,Teachers’ beliefs and practices in textbook selection and use when teaching Chinese as a second language,F8,F1;F8,10.1007/s11145-022-10336-9,undermind-220,core,True,Reading and Writing
Ji22,Ji et al. (2022),2022,Pre-service teachers’ pedagogical decisions on integrated-skills instruction in a sojourn Chinese teaching programme: The context matters,F8,F8,10.1080/2331186x.2022.2064602,undermind-220,archive,False,Cogent Education
Khan22,Khan et al. (2022),2022,Chinese as a mandatory foreign language at a higher education institution in Pakistan,F7,F3;F4;F7,10.1177/02627280221120328,pakistan-extra,core,False,South Asia Research
Krm22,Kırmızı-Ayyıldız and Akkuş-Çakır (2022),2022,Adapting Coursebook Activities to Stimulate Language Learning among Rural Students: An Action Research,F1,F1,10.31704/ijocis.2022.002,undermind-220,core,False,Uluslararası Eğitim Programları ve Öğretim Çalışmaları Dergisi
Nie22,Nie et al. (2022),2022,Facilitating learners’ participation through classroom translanguaging: comparing a translanguaging classroom and a monolingual classroom in Chinese language teaching,F3,F3,10.1515/applirev-2022-0136,undermind-220,archive,True,Applied Linguistics Review
Rat22b,Rathert and Cabaroğlu (2022),2022,Theorising Textbook Adaptation in English Language Teaching,F1,F1,10.26529/cepsj.1287,undermind-220,core,False,Center for Educational Policy Studies Journal
Tia22c,Tian (2022),2022,Challenging the ‘Dual’: designing translanguaging spaces in a Mandarin-English dual language bilingual education program,F3,F3,10.1080/01434632.2022.2085732,undermind-220,core,True,Journal of Multilingual and Multicultural Development
Tia22b,Tian and Lau (2022),2022,Translanguaging pedagogies in a Mandarin-English dual language bilingual education classroom: contextualised learning from teacher-researcher collaboration,F3,F3,10.1080/13670050.2022.2161815,undermind-220,core,False,International Journal of Bilingual Education and Bilingualism
Tia22,Tian and Lau (2022),2022,Translanguaging flows in Chinese word instruction: Potential critical sociolinguistic engagement with children’s artistic representations of Chinese characters,F3,F3,10.1080/1554480x.2022.2139261,undermind-220,archive,False,Pedagogies: An International Journal
Tra22,Tran (2022),2022,Teacher Agency in Implementing the Getting-to-Know-English for Grade 1 and Grade 2: How Teachers Enacted,F2,F2;F6,10.1177/10567879221145900,undermind-220,core,False,International Journal of Educational Reform
Gue22b,uenier and i (2022),2022,"Think Globally, Teach Locally: Representation of Chinese Culture in the Chinese Textbooks of Ireland",F8,F1;F8,10.46451/ijclt.2022.02.04,undermind-220,archive,False,International Journal of Chinese Language Teaching
Vu22,Vu and Pham (2022),2022,"Gender, critical pedagogy, and textbooks: Understanding teachers’ (lack of) mediation of the hidden curriculum in the EFL classroom",F1,F1,10.1177/13621688221136937,undermind-220,core,False,Language Teaching Research
Wan22i,Wang (2022),2022,English Language Teacher Agency in Response to Curriculum Reform in China: An Ecological Approach,F2,F2;F4;F6,10.3389/fpsyg.2022.935038,undermind-220,core,False,Frontiers in Psychology
Wan22d,Wang (2022),2022,Translanguaging as a social justice strategy: the case of teaching Chinese to ethnic minority students in Hong Kong,F3,F3,10.1007/s12564-022-09795-0,undermind-220,core,False,Asia Pacific Education Review
Wan22k,Wang and Lam (2022),2022,University Instructors’ Enactment of Professional Agency in Teaching Spoken English as a Foreign Language,F2,F2;F6,10.3389/feduc.2022.909048,undermind-220,archive,False,Frontiers in Education
Yan22d,Yang et al. (2022),2022,Relational Agency of University Teachers of Chinese as a Second Language: A Personal Network Perspective,F2,F2;F6;F8,10.3389/fpsyg.2021.790592,undermind-220,archive,False,Frontiers in Psychology
Zha22g,Zhang et al. (2022),2022,English-as-a-Foreign-Language Teachers’ Beliefs and Coursebook Adaptation Practices: A Latent Profile Analysis,F1,F1,10.1177/00336882221143184,undermind-220,core,False,RELC Journal
Bou23,Bouacha (2023),2023,Is the Textbook Enslaving or Empowering Teachers? Insights from an Algerian Perspective,F1,F1,10.15379/ijmst.v10i2.2788,undermind-220,archive,False,International Journal of Membrane Science and Technology
Che23c,Chen (2023),2023,Primary School EFL Teachers’ Professional Agency in South China: An Ecological Perspective,F2,F2;F6,10.5539/elt.v16n11p30,undermind-220,archive,False,English Language Teaching
Cri23,Criado (2023),2023,Patterns of Textbook Use in EFL: Adaptation Techniques and Their Effects on Form-Focused and Meaning-Focused Instruction,F1,F1,10.4236/ojml.2023.136054,undermind-220,archive,False,Open Journal of Modern Linguistics
Das23,Dassanayake (2023),2023,Development of an Evaluation Checklist for Localized Chinese Language Textbooks in Sri Lanka,F7,F1;F3;F5;F7;F8,10.21512/lc.v16i2.8778,undermind-220,archive,False,Lingua Cultura
Hanif23,Hanif (2023),2023,Current scenario and perspective of teaching Chinese at Confucius Institutes in Pakistan,F7,F4;F7,10.52131/pjhss.2023.1102.0530,pakistan-extra,core,False,Pakistan Journal of Humanities and Social Sciences
Han23b,Hanifa and Yusra (2023),2023,Tailoring EFL lessons through materials adaptation: A look into an Acehnese teacher’s experiences,F1,F1,10.21831/lt.v10i1.58035,undermind-220,core,False,LingTera
Hao23,Hao et al. (2023),2023,Representation and reconstruction of Hispanic culture in localized Spanish textbooks in China: A multimodal discourse perspective,F5,F1;F5,10.30827/portalin.viviii.29197,undermind-220,archive,False,Porta Linguarum Revista Interuniversitaria de Didáctica de las Lenguas Extranjeras
Jin23,Jing and Kitis (2023),2023,Pedagogical translanguaging in the primary-school English-L2 class: a case-study in the Chinese context,F3,F3,10.1080/01434632.2023.2173213,undermind-220,archive,False,Journal of Multilingual and Multicultural Development
Kim23,Kim (2023),2023,Decolonizing ELT materials: a sociomaterial orientation,F1,F1,10.1093/elt/ccad013,undermind-220,core,False,ELT Journal
Li23j,Li (2023),2023,Material use for EFL teacher learning in classroom ecology: a perturbation or affordance?,F2,F1;F2;F6,10.1080/07908318.2023.2288132,undermind-220,core,False,"Language, Culture and Curriculum"
Li23k,Li et al. (2023),2023,Language teachers’ engagement with ideological representations as materials designers,F1,F1,10.1016/j.system.2023.103121,undermind-220,core,True,System
Lin23d,Ling et al. (2023),2023,Bilingual Teachers’ Contextualization in Teaching Chinese as a Foreign Language in Australian Schools,F8,F1;F8,10.3390/su15065564,undermind-220,core,False,Sustainability
Liy23,Liyanage and Walker (2023),2023,English teachers’ identity-agency and curriculum reform policies in the People’s Republic of China (PRC),F2,F2;F4;F6,10.1007/s10671-023-09343-6,undermind-220,core,False,Educational Research for Policy and Practice
Mei23,Meihami (2023),2023,Situated learning in CALL teacher preparation programs: an ecological perspective to student-teachers’ agency,F2,F2,10.1080/09588221.2023.2173614,undermind-220,archive,False,Computer Assisted Language Learning
Nam23,Namgung et al. (2023),2023,An Ecological Approach to Teacher Agency in English Curriculum Design at Korean Secondary Schools,F2,F2;F4,10.7459/ct/38.1.05,undermind-220,core,False,Curriculum and Teaching
Nan23,Nan et al. (2023),2023,Recontextualization of Translanguaging in the Context of Mandarin Language Teaching in Indonesia,F3,F1;F3,10.22219/kembara.v9i2.24843,undermind-220,archive,False,KEMBARA Journal of Scientific Language Literature and Teaching
Set23,Setiawan (2023),2023,Embracing Cultural Threads: A Qualitative Exploration of English Language Teaching Materials Within an Intercultural Perspective in an Indonesian Multilingual Context,F5,F1;F5,10.26499/rnh.v12i2.6840,undermind-220,core,False,Ranah: Jurnal Kajian Bahasa
Tai23c,Tai and Wei (2023),2023,Engaging students in learning and creating different translanguaging sub-spaces in Hong Kong English Medium Instruction history classrooms,F3,F3,10.1080/09500782.2023.2248958,undermind-220,archive,False,Language and Education
Tra23,Thi Tran et al. (2023),2023,Primary school English teacher agency in enacting teaching methods in implementing the getting-to-know-English for grade 1 and grade 2 at two primary schools in Vietnam,F2,F2,10.1080/03004279.2023.2258143,undermind-220,core,False,Education 3-13
Tru23,Truong (2023),2023,EXPLORING TEACHER AGENCY IN USING THE NEW ENGLISH TEXTBOOKS IN UPPER-SECONDARY SCHOOLS IN HUE CITY,F2,F1;F2,10.63506/jilc.0703.60,undermind-220,core,False,TẠP CHÍ KHOA HỌC NGÔN NGỮ VÀ VĂN HÓA
Wan23d,Wang and Shen (2023),2023,"“I think I am bilingual, but…”: Teachers’ practices of and student’ attitudes toward translanguaging in a Chinese intercultural communication class",F3,F3,10.1111/ijal.12491,undermind-220,archive,True,International Journal of Applied Linguistics
Whi23,White et al. (2023),2023,Bridging Theory to Practice: Exploring the Role of an Educative Translingual Curriculum to Support Linguistically Diverse Classroom Practices,F3,F1;F3,10.1002/tesq.3258,undermind-220,archive,False,TESOL Quarterly
Xu23h,Xu and Tao (2023),2023,The pedagogical and socio-affective dimensions of identity tensions and teacher agency: Case studies of university English teachers teaching online,F2,F2,10.1177/13621688221151047,undermind-220,archive,False,Language Teaching Research
Zha23h,Zhang et al. (2023),2023,Unpacking EFL teachers' agency enacted in nested ecosystems in developing regions of Southern China,F2,F2,10.1016/j.lcsi.2023.100775,undermind-220,archive,True,"Learning, Culture and Social Interaction"
Aftab24,Aftab and Abbasi (2024),2024,Beliefs about difficulties in learning Chinese as a foreign language in a public sector university,F7,F7,10.58921/sjl.v3i1.61,pakistan-extra,grouped,False,Sindh Journal of Linguistics
Mam24d,bin Ma’mor et al. (2024),2024,Exploring Imported Textbook use in Rural Primary Schools’ English Lessons,F5,F1;F5,10.6007/ijarbss/v14-i8/22449,undermind-220,archive,False,International Journal of Academic Research in Business and Social Sciences
Che24e,Chen et al. (2024),2024,Unpacking English Language Teachers’ Perceptions and Practices of Translanguaging: A Case Study of Secondary Schools in China,F3,F3,10.59588/2961-3094.1122,undermind-220,archive,False,Journal of English and Applied Linguistics
Ngo24b,Cong-Lem (2024),2024,Teacher Agency for Change and Development in Higher Education: A Scoping Literature Review,F2,F2;F4;F6,10.1177/10567879231224744,undermind-220,archive,False,International Journal of Educational Reform
Cun24b,Cun (2024),2024,Translanguaging practices in a community-based Chinese heritage early childhood classroom,F3,F3,10.1177/13670069241243204,undermind-220,archive,False,International Journal of Bilingualism
Dua24,Duangmanee and Waluyo (2024),2024,Narrating Chinese Teaching and Learning in Culturally Local Thai Schools,F8,F5;F8,10.15503/jecs2024.1.283.302,undermind-220,archive,False,Journal of Education Culture and Society
Gun24,Gungor et al. (2024),2024,Navigating materials adaptation: English teachers’ experiences in Turkish secondary schools,F1,F1,10.47216/literacytrek.1509743,undermind-220,core,False,The Literacy Trek
Han24,Hanifa et al. (2024),2024,Adapting EFL materials and its influences on Indonesia secondary school students’ language learning,F3,F1;F3;F6,10.1186/s40862-024-00297-7,undermind-220,core,False,Asian-Pacific Journal of Second and Foreign Language Education
He24,He and Zhou (2024),2024,Facilitating content learning through translanguaging in secondary EMI science classrooms,F3,F3,10.1111/ijal.12550,undermind-220,archive,False,International Journal of Applied Linguistics
Hua24e,Huang and Guo (2024),2024,Investigating critical language awareness and critical cultural awareness in EFL materials use,F5,F1;F5,10.1080/09658416.2024.2434012,undermind-220,core,False,Language Awareness
Iftikhar24,Iftikhar et al. (2024),2024,"Perceptions, challenges, and opportunities of Chinese language learning in Punjab and Sindh, Pakistan",F7,F7,10.1155/2024/6662409,pakistan-extra,grouped,True,New Directions for Child and Adolescent Development
Lu24,Lu et al. (2024),2024,Scenario analysis of localization and adaptation of Chinese language teaching,F7,F5;F7,10.52131/pjhss.2024.v12i4.2553,pakistan-extra,core,False,Pakistan Journal of Humanities and Social Sciences
Mam24c,Ma’mor et al. (2024),2024,Examining ways Rural Primary Schools’ English Teachers Adapt the Imported Textbook Through their own words,F5,F1;F5,10.6007/ijarbss/v14-i8/22430,undermind-220,core,False,International Journal of Academic Research in Business and Social Sciences
Uri24,Mohamad Uri and Abdul Aziz (2024),2024,MATERIALS ADAPTATION OF IMPORTED CEFR TEXTBOOKS: TEACHERS’ PERCEPTIONS AND PRACTICES,F5,F1;F5,10.32890/mjli2024.21.2.2,undermind-220,core,False,Malaysian Journal of Learning and Instruction
Mog24,Morady Moghaddam and Parsaiyan (2024),2024,"The mediational role of ‘teacher guides’ in TESOL: teachers’ reported practices on scaffolding, appropriation, and self-regulation",F1,,10.1080/07908318.2024.2423757,undermind-220,core,False,"Language, Culture and Curriculum"
Mus24b,Mustofa and Damayanti (2024),2024,Textbook Adaptation Techniques in a Technology-Integrated Environment by an Indonesian EFL Teacher,F1,F1,10.21093/ijeltal.v9i1.1623,undermind-220,core,False,IJELTAL (Indonesian Journal of English Language Teaching and Applied Linguistics)
Naz24b,Nazari et al. (2024),2024,Contributions of an emotion-oriented professional development course to the ecology of language teacher agency,F2,F2;F6,10.1016/j.system.2024.103542,undermind-220,archive,True,System
Naz24,Nazari et al. (2024),2024,Language teacher educator agency: An ecological perspective of contributions for identity construction,F2,F2,10.1016/j.ijer.2024.102367,undermind-220,archive,True,International Journal of Educational Research
Pus24,Puspitasari et al. (2024),2024,LEARNING CHINESE THROUGH ENGLISH: TRANSLANGUAGING REALITY IN INDONESIAN HIGHER EDUCATION CFL CLASSROOM,F3,F1;F3,10.30743/ll.v8i1.9197,undermind-220,archive,False,"Language Literacy: Journal of Linguistics, Literature, and Language Teaching"
Son24,Song (2024),2024,"Teachers’ Interaction with Prescribed Teaching Materials: Evaluation, Adaptation and Exploitation",F2,F1;F2,10.5539/elt.v17n12p13,undermind-220,core,False,English Language Teaching
Wan24h,Wang and Bale (2024),2024,New K-12 Chinese teachers’ experiences with curriculum: Flexibilities and difficulties,F8,F8,10.1177/2212585x241253913,undermind-220,core,False,International Journal of Chinese Education
Wan24g,Wang and Zhang (2024),2024,‘I thought I was a refugee’: a narrative inquiry of an EFL teacher’s piloting of a newly published textbook,F1,F1,10.1080/17501229.2024.2425815,undermind-220,core,False,Innovation in Language Learning and Teaching
Won24b,Wong (2024),2024,Integrating translanguaging into formative assessment: experiences from a Chinese immersion context,F3,F3,10.1080/13670050.2024.2324856,undermind-220,archive,False,International Journal of Bilingual Education and Bilingualism
Won24c,Wong and Lee (2024),2024,‘This is valuable professional development for me’: integrating the multimodalities-entextualization cycle (MEC) in a Chinese DLBE classroom via teacher-researcher collaboration,F3,F3;F6,10.1080/07908318.2024.2440402,undermind-220,archive,False,"Language, Culture and Curriculum"
Xio24,Xiong (2024),2024,Teacher contingency in the Chinese immersion classroom of young learners: A translanguaging perspective,F3,F3,10.1016/j.linged.2024.101292,undermind-220,archive,True,Linguistics and Education
Yan24f,Yang et al. (2024),2024,Materials writing as a vehicle for teacher learning,F6,F1;F6,10.1093/elt/ccae021,undermind-220,core,False,ELT Journal
Yas24,Yasasri (2024),2024,TRANSLANGUAGING PRACTICES AND RECONTEXTUALIZING LEARNING MATERIAL: A CORPUS-BASED STUDY OF GLOBAL CHINESE LANGUAGE TEXTBOOKS USED IN SRI LANKA,F7,F1;F3;F5;F7,10.24071/llt.v27i1.7523,undermind-220,core,False,LLT Journal: A Journal on Language and Language Teaching
Yua24b,Yuan and Lee (2024),2024,Mandarin/English dual language immersion teachers’ understanding of translanguaging pedagogy,F3,F3;F6,10.54475/jlt.2024.008,undermind-220,archive,False,Journal of Language Teaching
Zha24g,Zhao (2024),2024,Critical Translanguaging Capability as an Intercultural Pedagogy for Localizing Chinese Language Education,F3,F3;F5;F8,10.11114/ijce.v7i1.6732,undermind-220,core,False,International Journal of Contemporary Education
Zha24n,Zhao et al. (2024),2024,Language Teachers’ Collaborative Actions and Relationships in a Textbook Writing Community of Practice,F1,F1,10.1007/s40299-024-00840-7,undermind-220,core,True,The Asia-Pacific Education Researcher
Zhu24b,Zhu et al. (2024),2024,Implementing CLIL Innovation in a Collaborative Teacher Education Ecosystem,F2,F2;F6,10.1002/tesq.3335,undermind-220,archive,False,TESOL Quarterly
Klc24,Çalışkan Kılıç and Bumen (2024),2024,A Multiple Case Study of English Teachers' Use of Curriculum Resources During the Covid-19 Pandemic,F6,F6,10.31704/ijocis.1465158,undermind-220,archive,False,Uluslararası Eğitim Programları ve Öğretim Çalışmaları Dergisi
Fac24,赵 (2024),2024,Facilitating the Localization of Chinese Language Teaching in Australia: Translanguaging and Funds of Knowledge Lens,F3,F1;F3;F5;F8,10.12677/ces.2024.128549,undermind-220,archive,False,Creative Education Studies
Chi25b,Chien et al. (2025),2025,Taiwanese elementary school English teachers’ perception of contextualized language instruction (CLI) and its role in textbooks for teaching vocabulary,F1,F1,10.1080/1554480x.2025.2522047,undermind-220,archive,False,Pedagogies: An International Journal
Dao25,Dao et al. (2025),2025,Teacher Agency and Curriculum Changes: A Case Study of Two English Teachers in Vietnam and Their Implementation of the New Textbooks Policy at the Classroom Level,F2,F1;F2;F4,10.1002/tesj.70055,undermind-220,core,False,TESOL Journal
Ema25,Emans et al. (2025),2025,Teacher agency in the dynamics of educational practices: a theory synthesis,F2,F2,10.3389/feduc.2024.1515123,undermind-220,archive,False,Frontiers in Education
Har25,Hardman (2025),2025,"Theorizations of teacher agency: in relations, ecologies and immanent events",F2,F1;F2,10.1093/jopedu/qhaf035,undermind-220,core,False,Journal of Philosophy of Education
Hua25c,Huang et al. (2025),2025,“To See a World in a Page of the Textbook”: Translanguaging Practices in the Use of English as a Foreign Language Teaching Materials,F3,F1;F3,10.1111/ijal.70038,undermind-220,core,False,International Journal of Applied Linguistics
Jabbar25,Jabbar (2025),2025,"Chinese language education in Pakistan: Historical developments, current landscape, and future prospects",F7,F7,10.63878/qrjs196,pakistan-extra,core,False,Qualitative Research Journal for Social Studies
Kar25d,Karimpour et al. (2025),2025,RETRACTED: An ecological exploration of the intersection between English language teachers’ agency and social justice instruction,F2,F2,10.1177/13621688251314484,undermind-220,archive,False,Language Teaching Research
Khe25,Kheir-Farraj and Orland-Barak (2025),2025,"Same words, different meanings: examining curriculum making from the perspective of language teachers’ epistemic beliefs",F4,F4,10.3389/feduc.2025.1478691,undermind-220,archive,False,Frontiers in Education
Nha25,Ky Nhan and Hoang Yen (2025),2025,"THÔNG BÁO VỀ VIỆC RÚT BÀI BÁO: ""USING TEXTBOOK TASKS: EFL SCHOOL TEACHERS’ CHALLENGES AND HANDLING STRATEGIES""",F1,F1,10.18173/2354-1075.2025-0086,undermind-220,core,False,HNUE Journal of Science: Journal of Educational Science
Lai25,Lai (2025),2025,Evaluating textbook selection criteria among university English teachers in Taiwan: A mixed-methods study,F1,F1,10.1177/13621688251345070,undermind-220,archive,False,Language Teaching Research
Li25k,Li (2025),2025,Exploring material-mediated EFL classroom interactions: An ecological perspective,F2,F1;F2,10.1177/13621688251351768,undermind-220,archive,False,Language Teaching Research
Li25l,Li and Gao (2025),2025,Language Teachers' Developmental Trajectories as Materials Developers,F2,F1;F2;F6,10.1002/tesq.3380,undermind-220,core,False,TESOL Quarterly
I00,Li et al. (2025),2025,Novice and experienced language teachers’ experiences of designing materials: A comparative case study,F6,F1;F6,10.30827/portalin.vi43.29379,undermind-220,core,False,Porta Linguarum Revista Interuniversitaria de Didáctica de las Lenguas Extranjeras
Li25m,Li et al. (2025),2025,Language teachers’ strategic responses to challenges as materials designers,F1,F1,10.1080/17501229.2025.2516104,undermind-220,core,True,Innovation in Language Learning and Teaching
Lin25c,Lin et al. (2025),2025,Generative AI and teacher professional identity development: a case study on L2 Chinese reading materials development,F6,F1;F6,10.1080/09588221.2025.2592620,undermind-220,core,True,Computer Assisted Language Learning
Liu25e,Liu (2025),2025,Problematic translanguaging in a Chinese-English Dual Language Bilingual Education program: A way of reinforcing English hegemony,F3,F1;F3,10.1080/15235882.2025.2511887,undermind-220,archive,False,Bilingual Research Journal
Lu25,Lu and Hanif (2025),2025,"Pedagogical challenges faced by Pakistani teachers of the Chinese language, the role of Urdu language, and additional recommendations",F7,F7,10.52015/daryaft.v17i02.436,pakistan-extra,core,False,DARYAFT
Lu25,Lu and Tian (2025),2025,Translanguaging in a culturally and linguistically diverse Mandarin FLES program,F3,F3,10.1111/flan.70011,undermind-220,core,False,Foreign Language Annals
Neu25,Neupane (2025),2025,Practice of Textbook Adaptation in English Language Classrooms: Insights from Secondary Level Teachers,F7,F1;F7,10.3126/snprcj.v6i1.91795,undermind-220,archive,False,SNPRC Journal
Pri00,Priestley et al. (2025),2025,Understanding Curriculum Making by Teachers: Implications for Policy as Text and as Practice,F2,F2;F4,10.4135/9781036204679.n43,undermind-220,core,False,The BERA-Sage Handbook of Research-Informed Education Practice and 					Policy
Luu25,Tan et al. (2025),2025,Vietnamese EFL Secondary School Teachers’ Practices of Adapting Speaking Tasks in the New English Textbooks,F1,F1,10.54850/jrspelt.9.48.004,undermind-220,archive,True,Journal for Research Scholars and Professionals of English Language Teaching
Tao25,Tao and Weng (2025),2025,Dancing with shackles: Exploring two Chinese high school English teachers' restricted agency in implementing core competencies from an ecological lens,F2,F2;F4,10.1002/tesq.70034,undermind-220,core,False,TESOL Quarterly
Tho25,Thongwichit et al. (2025),2025,Translanguaging for social justice in Thailand’s language classrooms: a classroom ethnography,F2,F2;F3,10.1080/14790718.2025.2517334,undermind-220,archive,False,International Journal of Multilingualism
Wan25o,Wang and Li (2025),2025,An ecological perspective on language teacher agency in educational reform,F2,F2,10.1007/s10833-025-09538-z,undermind-220,core,True,Journal of Educational Change
Xu25e,Xu (2025),2025,"Teacher engagement and roles in translanguaging in bilingual education in Xinjiang, China",F3,F3,10.1080/14790718.2025.2534106,undermind-220,archive,False,International Journal of Multilingualism
Xu25f,Xu and Li (2025),2025,Teacher engagement and learning in materials development: A qualitative study of four primary school English teachers’ experiences,F1,F1,10.1016/j.system.2025.103751,undermind-220,core,True,System
Zha25d,Zhang et al. (2025),2025,"Exploring the Perceived Attitudes, Motivation, and Influencing Factors of Translanguaging Among Teachers of Chinese as an Additional Language From an Activity Theory Lens",F3,F3,10.1111/ijal.12790,undermind-220,core,False,International Journal of Applied Linguistics
Zha25h,Zhang et al. (2025),2025,Chinese High School EFL Teacher Identity Reconstruction via the Use of New Textbooks,F2,F1;F2;F6,10.1177/21582440251378547,undermind-220,core,False,SAGE Open
Zho25b,Zhou and Pan (2025),2025,How Chinese Senior High English Teachers Utilize and Perceive Translanguaging Practices in Classrooms: A Mixed-Methods Study,F3,F3,10.56395/n41p3331,undermind-220,archive,False,New Perspectives on Languages
Che26e,Chen and Shu (2026),2026,Exploring teacher agency in using new language materials: an ecological perspective,F2,F1;F2,10.1080/07908318.2026.2612966,undermind-220,core,False,"Language, Culture and Curriculum"
Du26,Du and Curdt-Christiansen (2026),2026,Teacher agency in practiced language policy in higher education in East and Southeast Asia (2010–2025): A systematic review,F2,F2,10.1016/j.tate.2025.105345,undermind-220,archive,True,Teaching and Teacher Education
Gen26,Geng and Lu (2026),2026,Carrying identity across borders: a kit bag study of Chinese language teachers in Latin America,F8,F1;F6;F8,10.1080/07908318.2026.2685867,undermind-220,archive,False,"Language, Culture and Curriculum"
Gon26,Gong and An (2026),2026,Powering up Mandarin Chinese learners: a multiple-case study of emotional energy through interaction rituals,F1,,10.1080/09500782.2026.2672109,undermind-220,archive,False,Language and Education
Han26b,Han (2026),2026,"Chinese Language Education in Norway: Teachers’ Perspectives on Curriculum Reform, Classroom Practice and Sustainability",F8,F1;F4;F8,10.1177/2212585x261466683,undermind-220,core,False,International Journal of Chinese Education
Har26,Harwood (2026),2026,Feature Article: ELT Materials,F1,F1,10.1002/tesq.70116,undermind-220,core,False,TESOL Quarterly
Ho26,Ho (2026),2026,EFL teacher agency in the era of digital transformation: A multiple-case study in Vietnam,F2,F1;F2,10.54855/ijte.26622,undermind-220,archive,False,International Journal of TESOL & Education
Les26,Lestari et al. (2026),2026,Lecturer Agency in the Enactment of CEFR-Based Curriculum Internationalisation: Lessons Learned from Indonesian Higher Education,F2,F2,10.3390/educsci16030369,undermind-220,archive,False,Education Sciences
Li26d,Li et al. (2026),2026,Reconfiguring teacher agency: a contextualised ecological–mechanistic framework based on a longitudinal study of novice language teachers,F2,F2,10.1080/17501229.2026.2668539,undermind-220,archive,True,Innovation in Language Learning and Teaching
Loo26,Loo (2026),2026,Making It Local: Teachers’ Sociomaterial Practices in Localising Global Curricula,F5,F1;F5,10.55766/sjss282823,undermind-220,archive,False,Suranaree Journal of Social Science
Mao26b,Mao and Qi (2026),2026,Examining curriculum materials utilization: a participatory approach to EFL teachers’ use in mainland China,F6,F1;F6,10.3389/feduc.2025.1620771,undermind-220,core,False,Frontiers in Education
Naheed26,Naheed (2026),2026,Professional development for local Chinese language teachers in Pakistan,F7,F6;F7,10.5281/zenodo.19115312,pakistan-extra,core,False,International Journal of Politics & Social Sciences Review
Ngu26b,Nguyen and Phan (2026),2026,Bridging global pedagogy and local practice: Pre-service EFL teachers' textbook adaptation strategies,F1,F1,10.65956/procia.2026.106,undermind-220,archive,False,Proceedings of International Academia
Sto26,Storto and Haukås (2026),2026,Designing pedagogical materials for the multilingual English classroom: a case for teacher agency,F2,F1;F2;F3,10.1080/17501229.2026.2671318,undermind-220,archive,False,Innovation in Language Learning and Teaching
Tha26,Thapa and Upadhayaya (2026),2026,"Beyond English-Only: Negotiating L1, Local Culture, and Teacher Agency in Nepalese English Classrooms",F7,F2;F3;F5;F7,10.3126/aprjss.v3i1.99242,undermind-220,archive,False,A Peer Reviewed Journal on Social Sciences
Tia26,Tian and Weninger (2026),2026,Local English textbooks: a systematic review of research trends and constructions of ‘the local’,F5,F1;F5,10.1080/07908318.2026.2644175,undermind-220,core,False,"Language, Culture and Curriculum"
Wan26d,Wang (2026),2026,Twelve Years Revisited: Translanguaging as Relational Pedagogy for Sustaining Language Learning Motivation,F3,F3,10.1111/ijal.70164,undermind-220,archive,False,International Journal of Applied Linguistics
Yan26,Yan and Weng (2026),2026,‘We can only do addition’: An ecological perspective on Chinese EFL high school teachers’ agentic use of the new senior high school English textbooks,F2,F1;F2,10.1177/13621688261433883,undermind-220,core,False,Language Teaching Research
